Dataset_Size,Training_Time
100000,32.98942828178406
300000,43.84148573875427
500000,198.87924003601074
